	Ruler	Original Entry	Name	Year	Notes	Personal Name
1	Pope	St. Peter (32-67)	St. Peter	32-67		
2	Pope	St. Linus (67-76)	St. Linus	67-76	First Roman Pope	
3	Pope	St. Anacletus (Cletus) (76-88)	St. Anacletus (Cletus)	76-88	First Greek Pope	
4	Pope	St. Clement I (88-97)	St. Clement I	88-97	He was martyred by being tied to an anchor and being thrown in the sea.	
5	Pope	St. Evaristus (97-105)	St. Evaristus	97-105	"Said to have divided Rome into parishes, assigning a priest to each."	
6	Pope	St. Alexander I (105-115)	St. Alexander I	105-115	Inaugurated the custom of blessing houses with holy water.	
7	Pope	St. Sixtus I (115-125) Also called Xystus I	St. Sixtus I 	115-125	Also called Xystus I	
8	Pope	St. Telesphorus (125-136)	St. Telesphorus	125-136		
9	Pope	St. Hyginus (136-140)	St. Hyginus	136-140		
10	Pope	St. Pius I (140-155)	St. Pius I	140-155	Martyred by sword. Decreed that Easter should only be celebrated on a Sunday.	
11	Pope	St. Anicetus (155-166)	St. Anicetus	155-166	Decreed that priests are not allowed to have long hair.	
12	Pope	St. Soter (166-175)	St. Soter	166-175		
13	Pope	St. Eleutherius (175-189)	St. Eleutherius	175-189		
14	Pope	St. Victor I (189-199)	St. Victor I	189-199	first pope to have been born on the continent of Africa	
15	Pope	St. Zephyrinus (199-217)	St. Zephyrinus	199-217		
16	Pope	"St. Callistus I (217-22) Callistus and the following three popes were opposed by St. Hippolytus, antipope (217-236)"	St. Callistus I	217-22	"opposed by St. Hippolytus, antipope (217-236)"	
17	Pope	St. Urban I (222-30)	St. Urban I	222-30	"opposed by St. Hippolytus, antipope (217-236)"	
18	Pope	St. Pontian (230-35)	St. Pontian	230-35	"opposed by St. Hippolytus, antipope (217-236)"	
19	Pope	St. Anterus (235-36)	St. Anterus	235-36	"opposed by St. Hippolytus, antipope (217-236)"	
20	Pope	St. Fabian (236-50)	St. Fabian	236-50	"Divided the communities of Rome into seven districts, each supervised by a deacon"	
21	Pope	"St. Cornelius (251-53) Opposed by Novatian, antipope (251)"	St. Cornelius	251-53	"Opposed by Novatian, antipope"	
22	Pope	St. Lucius I (253-54)	St. Lucius I	253-54		
23	Pope	St. Stephen I (254-257)	St. Stephen I	254-257	Martyred by beheading	
24	Pope	St. Sixtus II (257-258)	St. Sixtus II	257-258	Martyred by beheading	
25	Pope	St. Dionysius (260-268)	St. Dionysius	260-268		
26	Pope	St. Felix I (269-274)	St. Felix I	269-274		
27	Pope	St. Eutychian (275-283)	St. Eutychian	275-283		
28	Pope	St. Caius (283-296) Also called Gaius	St. Caius 	283-296	Also called Gaius. Martyred by beheading	
29	Pope	St. Marcellinus (296-304)	St. Marcellinus	296-304		
30	Pope	St. Marcellus I (308-309)	St. Marcellus I	308-309		
31	Pope	St. Eusebius (309 or 310)	St. Eusebius	310	309 or 310	
32	Pope	St. Miltiades (311-14)	St. Miltiades	311-14		
33	Pope	St. Sylvester I (314-35)	St. Sylvester I	314-35		
34	Pope	St. Marcus (336)	St. Marcus	336		
35	Pope	St. Julius I (337-52)	St. Julius I	337-52		
36	Pope	"Liberius (352-66) Opposed by Felix II, antipope (355-365)"	Liberius	352-66	"Opposed by Felix II, antipope"	
37	Pope	"St. Damasus I (366-84) Opposed by Ursicinus, antipope (366-367)"	St. Damasus I	366-84	"Opposed by Ursicinus, antipope"	
38	Pope	St. Siricius (384-99)	St. Siricius	384-99		
39	Pope	St. Anastasius I (399-401)	St. Anastasius I	399-401		
40	Pope	St. Innocent I (401-17)	St. Innocent I	401-17		
41	Pope	St. Zosimus (417-18)	St. Zosimus	417-18		
42	Pope	"St. Boniface I (418-22) Opposed by Eulalius, antipope (418-419)"	St. Boniface I	418-22	"Opposed by Eulalius, antipope"	
43	Pope	St. Celestine I (422-32)	St. Celestine I	422-32		
44	Pope	St. Sixtus III (432-40)	St. Sixtus III	432-40		
45	Pope	St. Leo I (the Great) (440-61)	St. Leo I (the Great)	440-61		
46	Pope	St. Hilarius (461-68)	St. Hilarius	461-68		
47	Pope	St. Simplicius (468-83)	St. Simplicius	468-83		
48	Pope	St. Felix III (II) (483-92)	St. Felix III (II)	483-92		
49	Pope	St. Gelasius I (492-96)	St. Gelasius I	492-96		
50	Pope	Anastasius II (496-98)	Anastasius II	496-98		
51	Pope	"St. Symmachus (498-514) Opposed by Laurentius, antipope (498-501)"	St. Symmachus	498-514	"Opposed by Laurentius, antipope"	
52	Pope	St. Hormisdas (514-23)	St. Hormisdas	514-23		
53	Pope	St. John I (523-26)	St. John I	523-26		
54	Pope	St. Felix IV (III) (526-30)	St. Felix IV (III)	529-30		
55	Pope	"Boniface II (530-32) Opposed by Dioscorus, antipope (530)"	Boniface II	530-32	"Opposed by Dioscorus, antipope"	
56	Pope	John II (533-35)	John II	533-35		
57	Pope	St. Agapetus I (535-36) Also called Agapitus I	St. Agapetus I	535-36	Also called Agapitus I	
58	Pope	St. Silverius (536-37)	St. Silverius	536-37		
59	Pope	Vigilius (537-55)	Vigilius	537-55		
60	Pope	Pelagius I (556-61)	Pelagius I	556-61		
61	Pope	John III (561-74)	John III	561-74		
62	Pope	Benedict I (575-79)	Benedict I	575-79		
63	Pope	Pelagius II (579-90)	Pelagius II	579-90		
64	Pope	St. Gregory I (the Great) (590-604)	St. Gregory I (the Great)	590-604		
65	Pope	Sabinian (604-606)	Sabinian	604-606		
66	Pope	Boniface III (607)	Boniface III	607		
67	Pope	St. Boniface IV (608-15)	St. Boniface IV	608-15		
68	Pope	St. Deusdedit (Adeodatus I) (615-18)	St. Deusdedit (Adeodatus I)	615-18		
69	Pope	Boniface V (619-25)	Boniface V	619-25		
70	Pope	Honorius I (625-38)	Honorius I	625-38		
71	Pope	Severinus (640)	Severinus	640		
72	Pope	John IV (640-42)	John IV	640-42		
73	Pope	Theodore I (642-49)	Theodore I	642-49		
74	Pope	St. Martin I (649-55)	St. Martin I	649-55		
75	Pope	St. Eugene I (655-57)	St. Eugene I	655-57		
76	Pope	St. Vitalian (657-72)	St. Vitalian	657-72		
77	Pope	Adeodatus (II) (672-76)	Adeodatus (II)	672-76		
78	Pope	Donus (676-78)	Donus	676-78		
79	Pope	St. Agatho (678-81)	St. Agatho	678-81		
80	Pope	St. Leo II (682-83)	St. Leo II	682-83		
81	Pope	St. Benedict II (684-85)	St. Benedict II	684-85		
82	Pope	John V (685-86)	John V	685-86		
83	Pope	Conon (686-87)	Conon	686-87		
84	Pope	"St. Sergius I (687-701) Opposed by Theodore and Paschal, antipopes (687)"	St. Sergius I	687-701	"Opposed by Theodore and Paschal, antipopes"	
85	Pope	John VI (701-05)	John VI	701-05		
86	Pope	John VII (705-07)	John VII	705-07		
87	Pope	Sisinnius (708)	Sisinnius	708		
88	Pope	Constantine (708-15)	Constantine	708-15		
89	Pope	St. Gregory II (715-31)	St. Gregory II	715-31		
90	Pope	St. Gregory III (731-41)	St. Gregory III	731-41		
91	Pope	"St. Zachary (741-52) Stephen II followed Zachary, but because he died before being consecrated, modern lists omit him"	St. Zachary	741-52	"Stephen II followed Zachary, but because he died before being consecrated, modern lists omit him"	
92	Pope	Stephen II (III) (752-57)	Stephen II (III)	752-57		
93	Pope	St. Paul I (757-67)	St. Paul I	757-67		
94	Pope	"Stephen III (IV) (767-72) Opposed by Constantine II (767) and Philip (768), antipopes (767)"	Stephen III (IV)	767-72	"Opposed by Constantine II and Philip, antipopes"	
95	Pope	Adrian I (772-95)	Adrian I	772-95		
96	Pope	St. Leo III (795-816)	St. Leo III	795-816		
97	Pope	Stephen IV (V) (816-17)	Stephen IV (V)	816-17		
98	Pope	St. Paschal I (817-24)	St. Paschal I	817-24		
99	Pope	Eugene II (824-27)	Eugene II	824-27		
100	Pope	Valentine (827)	Valentine	827		
101	Pope	Gregory IV (827-44)	Gregory IV	827-44		
102	Pope	"Sergius II (844-47) Opposed by John, antipope"	Sergius II 	844-47	"Opposed by John, antipope"	
103	Pope	St. Leo IV (847-55)	St. Leo IV	847-55		
104	Pope	"Benedict III (855-58) Opposed by Anastasius, antipope (855)"	Benedict III 	855-58	"Opposed by Anastasius, antipope"	
105	Pope	St. Nicholas I (the Great) (858-67)	St. Nicholas I (the Great)	858-67		
106	Pope	Adrian II (867-72)	Adrian II	867-72		
107	Pope	John VIII (872-82)	John VIII	872-82		
108	Pope	Marinus I (882-84)	Marinus I	882-84		
109	Pope	St. Adrian III (884-85)	St. Adrian III	884-85		
110	Pope	Stephen V (VI) (885-91)	Stephen V (VI)	885-91		
111	Pope	Formosus (891-96)	Formosus	891-96		
112	Pope	Boniface VI (896)	Boniface VI	896		
113	Pope	Stephen VI (VII) (896-97)	Stephen VI (VII)	896-97		
114	Pope	Romanus (897)	Romanus	897		
115	Pope	Theodore II (897)	Theodore II	897		
116	Pope	John IX (898-900)	John IX	898-900		
117	Pope	Benedict IV (900-03)	Benedict IV	900-03		
118	Pope	"Leo V (903) Opposed by Christopher, antipope (903-904)"	Leo V 	903	"Opposed by Christopher, antipope"	
119	Pope	Sergius III (904-11)	Sergius III	904-11		
120	Pope	Anastasius III (911-13)	Anastasius III	911-13		
121	Pope	Lando (913-14)	Lando	913-14		
122	Pope	John X (914-28)	John X	914-28		
123	Pope	Leo VI (928)	Leo VI	928		
124	Pope	Stephen VIII (929-31)	Stephen VIII	929-31		
125	Pope	John XI (931-35)	John XI	931-35		
126	Pope	Leo VII (936-39)	Leo VII	936-39		
127	Pope	Stephen IX (939-42)	Stephen IX	939-42		
128	Pope	Marinus II (942-46)	Marinus II	942-46		
129	Pope	Agapetus II (946-55)	Agapetus II	946-55		
130	Pope	John XII (955-63)	John XII	955-63		
131	Pope	Leo VIII (963-64)	Leo VIII	963-64		
132	Pope	Benedict V (964)	Benedict V	964		
133	Pope	John XIII (965-72)	John XIII	965-72		
134	Pope	Benedict VI (973-74)	Benedict VI	973-74		
135	Pope	"Benedict VII (974-83) Benedict and John XIV were opposed by Boniface VII, antipope (974; 984-985)"	Benedict VII 	974-83	"opposed by Boniface VII, antipope"	
136	Pope	John XIV (983-84)	John XIV	983-84	"opposed by Boniface VII, antipope"	
137	Pope	John XV (985-96)	John XV	985-96		
138	Pope	"Gregory V (996-99) Opposed by John XVI, antipope (997-998)"	Gregory V 	996-99	"Opposed by John XVI, antipope"	
139	Pope	Sylvester II (999-1003)	Sylvester II	999-1003		
140	Pope	John XVII (1003)	John XVII	1003		Giovanni Sicco
141	Pope	John XVIII (1003-09)	John XVIII	1003-09		Giovanni Fasano
142	Pope	Sergius IV (1009-12)	Sergius IV	1009-12		Pietro Martino Boccadiporco O.S.B.
143	Pope	"Benedict VIII (1012-24) Opposed by Gregory, antipope (1012)"	Benedict VIII	1012-24	"Opposed by Gregory, antipope"	Teofilatto di Tuscolo
144	Pope	John XIX (1024-32)	John XIX	1024-32		Romano di Tuscolo
145	Pope	"Benedict IX (1032-45) He appears on this list three separate times, because he was twice deposed and restored"	Benedict IX 	1032-45	"He appears on this list three separate times, because he was twice deposed and restored"	Teofilatto di Tuscolo
146	Pope	Sylvester III (1045) Considered by some to be an antipope	Sylvester III Considered by some to be an antipope	1045		Giovanni dei Crescenzi Ottaviani
147	Pope	Benedict IX (1045)	Benedict IX	1045	"He appears on this list three separate times, because he was twice deposed and restored"	Teofilatto di Tuscolo
148	Pope	Gregory VI (1045-46)	Gregory VI	1045-46		Giovanni Graziano Pierleoni
149	Pope	Clement II (1046-47)	Clement II	1046-47		Suidger von Morsleben-Hornburg
150	Pope	Benedict IX (1047-48)	Benedict IX	1047-48	"He appears on this list three separate times, because he was twice deposed and restored"	Teofilatto di Tuscolo
151	Pope	Damasus II (1048)	Damasus II	1048		Poppo de Curagnoni
152	Pope	St. Leo IX (1049-54)	St. Leo IX	1049-54		Bruno von Egisheim-Dagsburg
153	Pope	Victor II (1055-57)	Victor II	1055-57		Gebhard II von Calw-Dollnstein-Hirschberg
154	Pope	Stephen X (1057-58)	Stephen X	1057-58		Frederich O.S.B.
155	Pope	"Nicholas II (1058-61) Opposed by Benedict X, antipope (1058)"	Nicholas II 	1058-61	"Opposed by Benedict X, antipope"	Gerald de Bourgogne
156	Pope	"Alexander II (1061-73) Opposed by Honorius II, antipope (1061-1072)"	Alexander II 	1061-73	"Opposed by Honorius II, antipope"	Anselmo da Baggio
157	Pope	"St. Gregory VII (1073-85) Gregory and the following three popes were opposed by Guibert (""Clement III""), antipope (1080-1100)"	St. Gregory VII	1073-85	"opposed by Guibert, antipope"	Ildebrando Aldobrandeschi di Soana O.S.B.
158	Pope	Blessed Victor III (1086-87)	Blessed Victor III	1086-87	"opposed by Guibert, antipope"	Dauferio Epifani Del Zotto O.S.B.
159	Pope	Blessed Urban II (1088-99)	Blessed Urban II	1088-99	"opposed by Guibert, antipope"	Odon de Lagery O.S.B.
160	Pope	"Paschal II (1099-1118) Opposed by Theodoric (1100), Aleric (1102) and Maginulf (""Sylvester IV"", 1105-1111), antipopes (1100)"	Paschal II 	1099-1118	"Opposed by Theodoric, Aleric and Maginulf, antipopes"	Rainero Ranieri O.S.B.
161	Pope	"Gelasius II (1118-19) Opposed by Burdin (""Gregory VIII""), antipope (1118)"	Gelasius II 	1118-19	"Opposed by Burdin, antipope"	Giovanni Caetani O.S.B.
162	Pope	Callistus II (1119-24)	Callistus II	1119-24		Guy
163	Pope	"Honorius II (1124-30) Opposed by Celestine II, antipope (1124)"	Honorius II 	1124-30	"Opposed by Celestine II, antipope"	Lamberto Scannabecchi da Fiagnano Can.Reg.
164	Pope	"Innocent II (1130-43) Opposed by Anacletus II (1130-1138) and Gregory Conti (""Victor IV"") (1138), antipopes (1138)"	Innocent II 	1130-43	"Opposed by Anacletus II and Gregory Conti, antipopes"	Gregorio Papareschi Can.Reg.
165	Pope	Celestine II (1143-44)	Celestine II	1143-44		Guido Guelfuccio de Castello
166	Pope	Lucius II (1144-45)	Lucius II	1144-45		Gherardo Caccianemici dall'Orso Can.Reg.
167	Pope	Blessed Eugene III (1145-53)	Blessed Eugene III	1145-53		Pietro dei Paganelli di Montemagno O.Cist.[16]
168	Pope	Anastasius IV (1153-54)	Anastasius IV	1153-54		Corrado Demitri della Suburra
169	Pope	Adrian IV (1154-59)	Adrian IV	1154-59		Nicholas Breakspear Can.Reg.
170	Pope	"Alexander III (1159-81) Opposed by Octavius (""Victor IV"") (1159-1164), Pascal III (1165-1168), Callistus III (1168-1177) and Innocent III (1178-1180), antipopes"	Alexander III 	1159-81	"Opposed by Octavius, Pascal III, Callistus III and Innocent III, antipopes"	Rolando Bandinelli
171	Pope	Lucius III (1181-85)	Lucius III	1181-85		Ubaldo Allucignoli
172	Pope	Urban III (1185-87)	Urban III	1185-87		Uberto Crivelli
173	Pope	Gregory VIII (1187)	Gregory VIII	1187		Alberto de Morra Can.Reg.
174	Pope	Clement III (1187-91)	Clement III	1187-91		Paolo Scolari
175	Pope	Celestine III (1191-98)	Celestine III	1191-98		Giacinto Bobone Orsini
176	Pope	Innocent III (1198-1216)	Innocent III	1198-1216		Lotario dei Conti di Segni
177	Pope	Honorius III (1216-27)	Honorius III	1216-27		Cencio Savelli
178	Pope	Gregory IX (1227-41)	Gregory IX	1227-41		"Ugolino dei Conti di Segni, O.F.S"
179	Pope	Celestine IV (1241)	Celestine IV	1241		Goffredo Castiglioni
180	Pope	Innocent IV (1243-54)	Innocent IV	1243-54		Sinibaldo Fieschi
181	Pope	Alexander IV (1254-61)	Alexander IV	1254-61		Rinaldo dei Conti di Jenne
182	Pope	Urban IV (1261-64)	Urban IV	1261-64		Jacques Pantaléon
183	Pope	Clement IV (1265-68)	Clement IV	1265-68		Gui Faucoi
184	Pope	Blessed Gregory X (1271-76)	Blessed Gregory X	1271-76		"Tebaldo Visconti, O.F.S"
185	Pope	Blessed Innocent V (1276)	Blessed Innocent V	1276		"Pierre de Tarentaise, O.P."
186	Pope	Adrian V (1276)	Adrian V	1276		Ottobuono Fieschi
187	Pope	John XXI (1276-77)	John XXI	1276-77		Pedro Julião (a.k.a. Petrus Hispanus and Pedro Hispano)
188	Pope	Nicholas III (1277-80)	Nicholas III	1277-80		Giovanni Gaetano Orsini
189	Pope	Martin IV (1281-85)	Martin IV	1281-85		Simon de Brion
190	Pope	Honorius IV (1285-87)	Honorius IV	1285-87		Giacomo Savelli
191	Pope	Nicholas IV (1288-92)	Nicholas IV	1288-92		"Girolamo Masci, O.F.M."
192	Pope	St. Celestine V (1294)	St. Celestine V	1294		"Pietro Angelerio, O.S.B."
193	Pope	Boniface VIII (1294-1303)	Boniface VIII	1294-1303		Benedetto Caetani
194	Pope	Blessed Benedict XI (1303-04)	Blessed Benedict XI	1303-04		"Niccolò Boccasini, O.P."
195	Pope	Clement V (1305-14)	Clement V	1305-14		Raymond Bertrand de Gouth
196	Pope	"John XXII (1316-34) Opposed by Nicholas V, antipope (1328-1330)"	John XXII 	1316-34	"Opposed by Nicholas V, antipope"	Jacques d'Euse; Jacques Duèse
197	Pope	Benedict XII (1334-42)	Benedict XII	1334-42		"Jacques Fournier, O.Cist."
198	Pope	Clement VI (1342-52)	Clement VI	1342-52		"Pierre Roger, O.S.B."
199	Pope	Innocent VI (1352-62)	Innocent VI	1352-62		Étienne Aubert
200	Pope	Blessed Urban V (1362-70)	Blessed Urban V	1362-70		"Guillaume (de) Grimoard, O.S.B."
201	Pope	Gregory XI (1370-78)	Gregory XI	1370-78		Pierre Roger de Beaufort
202	Pope	"Urban VI (1378-89) Opposed by Robert of Geneva (""Clement VII""), antipope (1378-1394)"	Urban VI 	1378-89	"Opposed by Robert of Geneva, antipope"	Bartolomeo Prignano
203	Pope	"Boniface IX (1389-1404) Opposed by Robert of Geneva (""Clement VII"") (1378-1394), Pedro de Luna (""Benedict XIII"") (1394-1417) and Baldassare Cossa (""John XXIII"") (1400-1415), antipopes"	Boniface IX 	1389-1404	"Opposed by Robert of Geneva, Pedro de Luna and Baldassare Cossa, antipopes"	Pietro Tomacelli Cybo
204	Pope	"Innocent VII (1404-06) Opposed by Pedro de Luna (""Benedict XIII"") (1394-1417) and Baldassare Cossa (""John XXIII"") (1400-1415), antipopes"	Innocent VII 	1404-06	"Opposed by Pedro de Luna and Baldassare Cossa, antipopes"	Cosimo Gentile Migliorati
205	Pope	"Gregory XII (1406-15) Opposed by Pedro de Luna (""Benedict XIII"") (1394-1417), Baldassare Cossa (""John XXIII"") (1400-1415), and Pietro Philarghi (""Alexander V"") (1409-1410), antipopes"	Gregory XII 	1406-15	"Opposed by Pedro de Luna, Baldassare Cossa, and Pietro Philarghi, antipopes"	Angelo Correr
206	Pope	Martin V (1417-31)	Martin V	1417-31		"Oddone Colonna, O.F.S"
207	Pope	"Eugene IV (1431-47) Opposed by Amadeus of Savoy (""Felix V""), antipope (1439-1449)"	Eugene IV 	1431-47	"Opposed by Amadeus of Savoy, antipope"	"Gabriele Condulmer, O.S.A."
208	Pope	Nicholas V (1447-55)	Nicholas V	1447-55		Tommaso Parentucelli
209	Pope	Callistus III (1455-58)	Callistus III	1455-58		Alfonso de Borja
210	Pope	Pius II (1458-64)	Pius II	1458-64		Enea Silvio Piccolomini
211	Pope	Paul II (1464-71)	Paul II	1464-71		Pietro Barbo
212	Pope	Sixtus IV (1471-84)	Sixtus IV	1471-84		"Francesco della Rovere, O.F.M."
213	Pope	Innocent VIII (1484-92)	Innocent VIII	1484-92		Giovanni Battista Cybo
214	Pope	Alexander VI (1492-1503)	Alexander VI	1492-1503		Roderic Llançol i de Borja
215	Pope	Pius III (1503)	Pius III	1503		Francesco Todeschini Piccolomini
216	Pope	Julius II (1503-13)	Julius II	1503-13		"Giuliano della Rovere, O.F.M."
217	Pope	Leo X (1513-21)	Leo X	1513-21		Giovanni di Lorenzo de' Medici
218	Pope	Adrian VI (1522-23)	Adrian VI	1522-23		Adriaan Floriszoon Boeyens
219	Pope	Clement VII (1523-34)	Clement VII	1523-34		Giulio di Giuliano de' Medici
220	Pope	Paul III (1534-49)	Paul III	1534-49		Alessandro Farnese
221	Pope	Julius III (1550-55)	Julius III	1550-55		Giovanni Maria Ciocchi del Monte
222	Pope	Marcellus II (1555)	Marcellus II	1555		Marcello Cervini degli Spannochi
223	Pope	Paul IV (1555-59)	Paul IV	1555-59		"Giovanni Pietro Carafa, C.R."
224	Pope	Pius IV (1559-65)	Pius IV	1559-65		Giovanni Angelo Medici
225	Pope	St. Pius V (1566-72)	St. Pius V	1566-72		"Antonio Ghislieri, O.P."
226	Pope	Gregory XIII (1572-85)	Gregory XIII	1572-85		Ugo Boncompagni
227	Pope	Sixtus V (1585-90)	Sixtus V	1585-90		"Felice Peretti di Montalto, O.F.M. Conv."
228	Pope	Urban VII (1590)	Urban VII	1590		Giovanni Battista Castagna
229	Pope	Gregory XIV (1590-91)	Gregory XIV	1590-91		Niccolò Sfondrati
230	Pope	Innocent IX (1591)	Innocent IX	1591		Giovanni Antonio Facchinetti
231	Pope	Clement VIII (1592-1605)	Clement VIII	1592-1605		Ippolito Aldobrandini
232	Pope	Leo XI (1605)	Leo XI	1605		Alessandro Ottaviano de' Medici
233	Pope	Paul V (1605-21)	Paul V	1605-21		Camillo Borghese
234	Pope	Gregory XV (1621-23)	Gregory XV	1621-23		Alessandro Ludovisi
235	Pope	Urban VIII (1623-44)	Urban VIII	1623-44		Maffeo Barberini
236	Pope	Innocent X (1644-55)	Innocent X	1644-55		Giovanni Battista Pamphilj
237	Pope	Alexander VII (1655-67)	Alexander VII	1655-67		Fabio Chigi
238	Pope	Clement IX (1667-69)	Clement IX	1667-69		Giulio Rospigliosi
239	Pope	Clement X (1670-76)	Clement X	1670-76		Emilio Bonaventura Altieri
240	Pope	Blessed Innocent XI (1676-89)	Blessed Innocent XI	1676-89		Benedetto Odescalchi
241	Pope	Alexander VIII (1689-91)	Alexander VIII	1689-91		Pietro Vito Ottoboni
242	Pope	Innocent XII (1691-1700)	Innocent XII	1691-1700		"Antonio Pignatelli, O.F.S"
243	Pope	Clement XI (1700-21)	Clement XI	1700-21		Giovanni Francesco Albani
244	Pope	Innocent XIII (1721-24)	Innocent XIII	1721-24		Michelangelo dei Conti
245	Pope	Benedict XIII (1724-30)	Benedict XIII	1724-30		"Pietro Francesco Orsini, O.P."
246	Pope	Clement XII (1730-40)	Clement XII	1730-40		"Lorenzo Corsini, O.F.S"
247	Pope	Benedict XIV (1740-58)	Benedict XIV	1740-58		Prospero Lorenzo Lambertini
248	Pope	Clement XIII (1758-69)	Clement XIII	1758-69		Carlo della Torre di Rezzonico
249	Pope	Clement XIV (1769-74)	Clement XIV	1769-74		"Giovanni Vincenzo Antonio Ganganelli, O.F.M. Conv."
250	Pope	Pius VI (1775-99)	Pius VI	1775-99		Count Giovanni Angelo Braschi
251	Pope	Pius VII (1800-23)	Pius VII	1800-23		"Count Barnaba Niccolò Maria Luigi Chiaramonti, O.S.B."
252	Pope	Leo XII (1823-29)	Leo XII	1823-29		Count Annibale Francesco Clemente Melchiore Girolamo Nicola Sermattei della Genga
253	Pope	Pius VIII (1829-30)	Pius VIII	1829-30		Francesco Saverio Castiglioni
254	Pope	Gregory XVI (1831-46)	Gregory XVI	1831-46		"Bartolomeo Alberto Cappellari, O.S.B. Cam."
255	Pope	Blessed Pius IX (1846-78)	Blessed Pius IX	1846-78		"Count Giovanni Maria Mastai-Ferretti, O.F.S."
256	Pope	Leo XIII (1878-1903)	Leo XIII	1878-1903		"Gioacchino Vincenzo Raffaele Luigi Pecci, O.F.S."
257	Pope	St. Pius X (1903-14)	St. Pius X	1903-14		Giuseppe Melchiorre Sarto
258	Pope	Benedict XV (1914-22) Biographies of Benedict XV and his successors will be added at a later date	Benedict XV	1914-22		Giacomo Paolo Giovanni Battista Della Chiesa
259	Pope	Pius XI (1922-39)	Pius XI	1922-39		Achille Ambrogio Damiano Ratti
260	Pope	Pius XII (1939-58)	Pius XII	1939-58		Eugenio Maria Giuseppe Giovanni Pacelli
261	Pope	St. John XXIII (1958-63)	St. John XXIII	1958-63		Angelo Giuseppe Roncalli
262	Pope	Paul VI (1963-78)	Paul VI	1963-78		Giovanni Battista Enrico Antonio Maria Montini
263	Pope	John Paul I (1978)	John Paul I	1978		Albino Luciani
264	Pope	St. John Paul II (1978-2005)	St. John Paul II	1978-2005		Karol Józef Wojtyła
265	Pope	Benedict XVI (2005-2013)	Benedict XVI	2005-2013		Joseph Aloisius Ratzinger
266	Pope	Francis (2013—)	Francis	2013-2024		"Jorge Mario Bergoglio, S.J."
1	English Monarch	Egbert (802–839)	Egbert	802-839		
2	English Monarch	Aethelwulf (839–856/858)	Aethelwulf	839-856	839–856/858	
3	English Monarch	Aethelbald (855/856–860)	Aethelbald	856-860	855/856–860	
4	English Monarch	Aethelberht (860–865/866)	Aethelberht	860-865	860–865/866	
5	English Monarch	Aethelred I (865/866–871)	Aethelred I	865-871	865/866–871	
6	English Monarch	Alfred the Great (871–899)	Alfred the Great	871-899		
7	English Monarch	Edward the Elder (899–924)	Edward the Elder	899-924		
8	English Monarch	Athelstan (925–939)	Athelstan	925-939		
9	English Monarch	Edmund I (939–946)	Edmund I	939-946		
10	English Monarch	Eadred (946–955)	Eadred	946-955		
11	English Monarch	Eadwig (955–959)	Eadwig	955-959		
12	English Monarch	Edgar (959–975)	Edgar	959-975		
13	English Monarch	Edward the Martyr (975–978)	Edward the Martyr	975-978		
14	English Monarch	Ethelred II the Unready (978–1013)	Ethelred II the Unready	978-1013		
15	English Monarch	Sweyn Forkbeard (1013–14)	Sweyn Forkbeard	1013-14		
16	English Monarch	Ethelred II the Unready (1014–16)	Ethelred II the Unready	1014-16		
17	English Monarch	Edmund II Ironside (1016)	Edmund II Ironside	1016		
18	English Monarch	Canute (1016–35)	Canute	1016-35		
19	English Monarch	Harold I Harefoot (1035–40)	Harold I Harefoot	1035-40		
20	English Monarch	Hardecanute (1040–42)	Hardecanute	1040-42		
21	English Monarch	Edward the Confessor (1042–66)	Edward the Confessor	1042-66		
22	English Monarch	Harold II (1066)	Harold II	1066		
23	English Monarch	William I the Conqueror (1066–87)	William I the Conqueror	1066-87		
24	English Monarch	William II (1087–1100)	William II	1087-1100		
25	English Monarch	Henry I (1100–35)	Henry I	1100-35		
26	English Monarch	Stephen (1135–54)	Stephen	1135-54		
27	English Monarch	Henry II (1154–89)	Henry II	1154-89		
28	English Monarch	Richard I (1189–99)	Richard I	1189-99		
29	English Monarch	John (1199–1216)	John	1199-1216		
30	English Monarch	Henry III (1216–72)	Henry III	1216-72		
31	English Monarch	Edward I (1272–1307)	Edward I	1272-1307		
32	English Monarch	Edward II (1307–27)	Edward II	1307-27		
33	English Monarch	Edward III (1327–77)	Edward III	1327-77		
34	English Monarch	Richard II (1377–99)	Richard II	1377-99		
35	English Monarch	Henry IV (1399–1413)	Henry IV	1399-1413		
36	English Monarch	Henry V (1413–22)	Henry V	1413-22		
37	English Monarch	Henry VI (1422–61)	Henry VI	1422-61		
38	English Monarch	Edward IV (1461–70)	Edward IV	1461-70		
39	English Monarch	Henry VI (1470–71)	Henry VI	1470-71		
40	English Monarch	Edward IV (1471–83)	Edward IV	1471-83		
41	English Monarch	Edward V (1483)	Edward V	1483		
42	English Monarch	Richard III (1483–85)	Richard III	1483-85		
43	English Monarch	Henry VII (1485–1509)	Henry VII	1485-1509		
44	English Monarch	Henry VIII (1509–47)	Henry VIII	1509-47		
45	English Monarch	Edward VI (1547–53)	Edward VI	1547-53		
46	English Monarch	Mary I (1553–58)	Mary I	1553-58		
47	English Monarch	Elizabeth I (1558–1603)	Elizabeth I	1558-1603		
48	English Monarch	James I (1603–25)	James I	1603-25		
49	English Monarch	Charles I (1625–49)	Charles I	1625-49		
50	English Monarch	Charles II (1660–85)	Charles II	1660-85		
51	English Monarch	James II (1685–88)	James II	1685-88		
52	English Monarch	William III and Mary II (1689–1702)	William III and Mary II	1689-1702		
53	English Monarch	Anne (1702–14)	Anne	1702-14		
54	English Monarch	George I (1714–27)	George I	1714-27		
55	English Monarch	George II (1727–60)	George II	1727-60		
56	English Monarch	George III (1760–1820)	George III	1760-1820		
57	English Monarch	George IV (1820–30)	George IV	1820-30		
58	English Monarch	William IV (1830–37)	William IV	1830-37		
59	English Monarch	Victoria (1837–1901)	Victoria	1837-1901		
60	English Monarch	Edward VII (1901–10)	Edward VII	1901-10		
61	English Monarch	George V (1910–36)	George V	1910-36		
62	English Monarch	Edward VIII (1936)	Edward VIII	1936		
63	English Monarch	George VI (1936–52)	George VI	1936-52		
64	English Monarch	Elizabeth II (1952–2022)	Elizabeth II	1952-2022		
65	English Monarch	Charles III (2022– )	Charles III	2022-2024		
1	US president		George Washington (John Adams)	1789-1797		
2	US president		John Adams (Thomas Jefferson)	1797-1801		
3	US president		Thomas Jefferson (Aaron Burr)	1801-1805		
3	US president		Thomas Jefferson (George Clinton)	1805-1809		
4	US president		James Madison (George Clinton)	1809-1812		
4	US president		James Madison (office vacant)	1812-1813		
4	US president		James Madison (Elbridge Gerry)	1813-1814		
4	US president		James Madison (office vacant)	1814-1817		
5	US president		James Monroe (Daniel D. Tompkins)	1817-1825		
6	US president		John Quincy Adams (John C. Calhoun)	1825-1829		
7	US president		Andrew Jackson (John C. Calhoun)	1829-1832		
7	US president		Andrew Jackson (Martin Van Buren)	1833-1837		
8	US president		Martin Van Buren (Richard M. Johnson)	1837-1841		
9	US president		William Henry Harrison (John Tyler)	1841		
10	US president		John Tyler (office vacant)	1841-1845		
11	US president		James K. Polk (George M. Dallas)	1845-1849		
12	US president		Zachary Taylor (Millard Fillmore)	1849-1850		
13	US president		Millard Fillmore (office vacant)	1850-1853		
14	US president		Franklin Pierce (William R. King)	1853		
14	US president		Franklin Pierce (office vacant)	1853-1857		
15	US president		James Buchanan (John C. Breckinridge)	1857-1861		
16	US president		Abraham Lincoln (Hannibal Hamlin)	1861-1865		
16	US president		Abraham Lincoln (Andrew Johnson)	1865		
17	US president		Andrew Johnson (office vacant)	1865-1869		
18	US president		Ulysses S. Grant (Schuyler Colfax)	1869-1873		
18	US president		Ulysses S. Grant (Henry Wilson)	1873-1875		
18	US president		Ulysses S. Grant (office vacant)	1875-1877		
19	US president		Rutherford Birchard Hayes (William A. Wheeler)	1877-1881		
20	US president		James A. Garfield (Chester A. Arthur)	1881		
21	US president		Chester A. Arthur (office vacant)	1881-1885		
22	US president		Grover Cleveland (Thomas A. Hendricks)	1885		
22	US president		Grover Cleveland (office vacant)	1885-1889		
23	US president		Benjamin Harrison (Levi P. Morton)	1889-1893		
24	US president		Grover Cleveland (Adlai E. Stevenson)	1893-1897		
25	US president		William McKinley (Garret A. Hobart)	1897-1899		
25	US president		William McKinley (office vacant)	1899-1901		
25	US president		William McKinley (Theodore Roosevelt)	1901		
26	US president		Theodore Roosevelt (office vacant)	1901-1905		
26	US president		Theodore Roosevelt (Charles W. Fairbanks)	1905-1909		
27	US president		William H. Taft (James S. Sherman)	1909-1912		
27	US president		William H. Taft (office vacant)	1912-1913		
28	US president		Woodrow Wilson (Thomas R. Marshall)	1913-1921		
29	US president		Warren G. Harding (Calvin Coolidge)	1921-1923		
30	US president		Calvin Coolidge (office vacant)	1923-1925		
30	US president		Calvin Coolidge (Charles G. Dawes)	1925-1929		
31	US president		Herbert Hoover (Charles Curtis)	1929-1933		
32	US president		Franklin D. Roosevelt (John N. Garner)	1933-1941		
32	US president		Franklin D. Roosevelt (Henry A. Wallace)	1941-1945		
32	US president		Franklin D. Roosevelt (Harry S. Truman)	1945		
33	US president		Harry S. Truman (office vacant)	1945-1949		
33	US president		"Harry S. Truman (Barkley, Alben W.)"	1949-1953		
34	US president		Dwight D. Eisenhower (Richard M. Nixon)	1953-1961		
35	US president		John F. Kennedy (Lyndon B. Johnson)	1961-1963		
36	US president		Lyndon B. Johnson (office vacant)	1963-1965		
36	US president		Lyndon B. Johnson (Hubert H. Humphrey)	1965-1969		
37	US president		Richard M. Nixon (Spiro T. Agnew)	1969-1973		
37	US president		Richard M. Nixon (Gerald R. Ford)	1973-1974		
38	US president		Gerald R. Ford (Nelson Rockefeller)	1974-1977		
39	US president		Jimmy Carter (Walter F. Mondale)	1977-1981		
40	US president		Ronald Reagan (George Bush)	1981-1989		
41	US president		George Bush (Dan Quayle)	1989-1993		
42	US president		Bill Clinton (Albert Gore)	1993-2001		
43	US president		George W. Bush (Richard Cheney)	2001-2009		
44	US president		Barack Obama (Joseph R. Biden)	2009-2017		
45	US president		Donald J. Trump (Mike Pence)	2017-2021		
46	US president		Joseph R. Biden (Kamala Harris)	2021-2024		
1	British PM	Robert Walpole (1721–42)	Robert Walpole	1721-42		
2	British PM	Spencer Compton (1742–43)	Spencer Compton	1742-43		
3	British PM	Henry Pelham (1743–54)	Henry Pelham	1743-54		
4	British PM	Thomas Pelham-Holles (1754–56; 1st time)	Thomas Pelham-Holles	1754-56	1st time	
5	British PM	William Cavendish (1756–57)	William Cavendish	1756-57		
6	British PM	Thomas Pelham-Holles (1757–62; 2nd time)	Thomas Pelham-Holles	1757-62	2nd time	
7	British PM	John Stuart (1762–63)	John Stuart	1762-63		
8	British PM	George Grenville (1763–65)	George Grenville	1763-65		
9	British PM	Charles Watson Wentworth (1765–66; 1st time)	Charles Watson Wentworth	1765-66	1st time	
10	British PM	"William Pitt, the Elder (1766–68)"	"William Pitt, the Elder"	1766-68		
11	British PM	Augustus Henry Fitzroy (1768–70)	Augustus Henry Fitzroy	1768-70		
12	British PM	Frederick North (1770–82)	Frederick North	1770-82		
13	British PM	Charles Watson Wentworth (1782; 2nd time)	Charles Watson Wentworth	1782	2nd time	
14	British PM	William Petty-Fitzmaurice (1782–83)	William Petty-Fitzmaurice	1782-83		
15	British PM	William Henry Cavendish-Bentinck (1783; 1st time)	William Henry Cavendish-Bentinck	1783	1st time	
16	British PM	"William Pitt, the Younger (1783–1801; 1st time)"	"William Pitt, the Younger"	1783-1801	1st time	
17	British PM	Henry Addington (1801–04)	Henry Addington	1801-04		
18	British PM	"William Pitt, the Younger (1804–06; 2nd time)"	"William Pitt, the Younger"	1804-06	2nd time	
19	British PM	William Wyndham Grenville (1806–07)	William Wyndham Grenville	1806-07		
20	British PM	William Henry Cavendish-Bentinck (1807–09; 2nd time)	William Henry Cavendish-Bentinck	1807-09	2nd time	
21	British PM	Spencer Perceval (1809–12)	Spencer Perceval	1809-12		
22	British PM	Robert Banks Jenkinson (1812–27)	Robert Banks Jenkinson	1812-27		
23	British PM	George Canning (1827)	George Canning	1827		
24	British PM	Frederick John Robinson (1827–28)	Frederick John Robinson	1827-28		
25	British PM	Arthur Wellesley (1828–30; 1st time)	Arthur Wellesley	1828-30	1st time	
26	British PM	Charles Grey (1830–34)	Charles Grey	1830-34		
27	British PM	William Lamb (1834; 1st time)	William Lamb	1834	1st time	
28	British PM	Arthur Wellesley (1834; 2nd time)	Arthur Wellesley	1834	2nd time	
29	British PM	Robert Peel (1834–35; 1st time)	Robert Peel	1834-35	1st time	
30	British PM	William Lamb (1835–41; 2nd time)	William Lamb	1835-41	2nd time	
31	British PM	Robert Peel (1841–46; 2nd time)	Robert Peel	1841-46	2nd time	
32	British PM	John Russell (1846–52; 1st time)	John Russell	1846-52	1st time	
33	British PM	Edward Geoffrey Stanley (1852; 1st time)	Edward Geoffrey Stanley	1852	1st time	
34	British PM	George Hamilton-Gordon (1852–55)	George Hamilton-Gordon	1852-55		
35	British PM	Henry John Temple (1855–58; 1st time)	Henry John Temple	1855-58	1st time	
36	British PM	Edward Geoffrey Stanley (1858–59; 2nd time)	Edward Geoffrey Stanley	1858-59	2nd time	
37	British PM	Henry John Temple (1859–65; 2nd time)	Henry John Temple	1859-65	2nd time	
38	British PM	John Russell (1865–66; 2nd time)	John Russell	1865-66	2nd time	
39	British PM	Edward Geoffrey Stanley (1866–68; 3rd time)	Edward Geoffrey Stanley	1866-68	3rd time	
40	British PM	Benjamin Disraeli (1868; 1st time)	Benjamin Disraeli	1868	1st time	
41	British PM	William Ewart Gladstone (1868–74; 1st time)	William Ewart Gladstone	1868-74	1st time	
42	British PM	Benjamin Disraeli (1874–80; 2nd time)	Benjamin Disraeli	1874-80	2nd time	
43	British PM	William Ewart Gladstone (1880–85; 2nd time)	William Ewart Gladstone	1880-85	2nd time	
44	British PM	Robert Cecil (1885–86; 1st time)	Robert Cecil	1885-86	1st time	
45	British PM	William Ewart Gladstone (1886; 3rd time)	William Ewart Gladstone	1886	3rd time	
46	British PM	Robert Cecil (1886–92; 2nd time)	Robert Cecil	1886-92	2nd time	
47	British PM	William Ewart Gladstone (1892–94; 4th time)	William Ewart Gladstone	1892-94	4th time	
48	British PM	Archibald Philip Primrose (1894–95)	Archibald Philip Primrose	1894-95		
49	British PM	Robert Cecil (1895–1902; 3rd time)	Robert Cecil	1895-1902	3rd time	
50	British PM	Arthur James Balfour (1902–05)	Arthur James Balfour	1902-05		
51	British PM	Henry Campbell-Bannerman (1905–08)	Henry Campbell-Bannerman	1905-08		
52	British PM	H.H. Asquith (1908–16)	H.H. Asquith	1908-16		
53	British PM	David Lloyd George (1916–22)	David Lloyd George	1916-22		
54	British PM	Bonar Law (1922–23)	Bonar Law	1922-23		
55	British PM	Stanley Baldwin (1923–24; 1st time)	Stanley Baldwin	1923-24	1st time	
56	British PM	Ramsay Macdonald (1924; 1st time)	Ramsay Macdonald	1924	1st time	
57	British PM	Stanley Baldwin (1924–29; 2nd time)	Stanley Baldwin	1924-29	2nd time	
58	British PM	Ramsay Macdonald (1929–35; 2nd time)	Ramsay Macdonald	1929-35	2nd time	
59	British PM	Stanley Baldwin (1935–37; 3rd time)	Stanley Baldwin	1935-37	3rd time	
60	British PM	Neville Chamberlain (1937–40)	Neville Chamberlain	1937-40		
61	British PM	Winston Churchill (1940–45; 1st time)	Winston Churchill	1940-45	1st time	
62	British PM	Clement Attlee (1945–51)	Clement Attlee	1945-51		
63	British PM	Winston Churchill (1951–55; 2nd time)	Winston Churchill	1951-55	2nd time	
64	British PM	Anthony Eden (1955–57)	Anthony Eden	1955-57		
65	British PM	Harold Macmillan (1957–63)	Harold Macmillan	1957-63		
66	British PM	Alec Douglas-Home (1963–64)	Alec Douglas-Home	1963-64		
67	British PM	Harold Wilson (1964–70; 1st time)	Harold Wilson	1964-70	1st time	
68	British PM	Edward Heath (1970–74)	Edward Heath	1970-74		
69	British PM	Harold Wilson (1974–76; 2nd time)	Harold Wilson	1974-76	2nd time	
70	British PM	James Callaghan (1976–79)	James Callaghan	1976-79		
71	British PM	Margaret Thatcher (1979–90)	Margaret Thatcher	1979-90		
72	British PM	John Major (1990–97)	John Major	1990-97		
73	British PM	Tony Blair (1997–2007)	Tony Blair	1997-2007		
74	British PM	Gordon Brown (2007–10)	Gordon Brown	2007-10		
75	British PM	David Cameron (2010–16)	David Cameron	2010-16		
76	British PM	Theresa May (2016–19)	Theresa May	2016-19		
77	British PM	Boris Johnson (2019–22)	Boris Johnson	2019-22		
78	British PM	Liz Truss (2022)	Liz Truss	2022		
79	British PM	Rishi Sunak (2022– )	Rishi Sunak	2022-2024		
1	French Monarch	"Pippin III, the Short (mayor of the palace)"	"Pippin III, the Short (mayor of the palace)"	741-751		
2	French Monarch	"Pippin III, the Short (king of the Franks)"	"Pippin III, the Short (king of the Franks)"	751-768		
3	French Monarch	Carloman (king of the Franks)	Carloman (king of the Franks)	768-771		
4	French Monarch	Charlemagne (Charles I; king of the Franks)	Charlemagne (Charles I; king of the Franks)	771-800		
5	French Monarch	Charlemagne (Charles I; Holy Roman emperor)	Charlemagne (Charles I; Holy Roman emperor)	800-814		
6	French Monarch	"Louis I, the Pious (emperor)"	"Louis I, the Pious (emperor)"	814-840		
7	French Monarch	Lothar I (emperor)	Lothar I (emperor)	840-855		
8	French Monarch	"Louis II, the German (king of the East Franks)"	"Louis II, the German (king of the East Franks)"	840-876		
9	French Monarch	"Charles II, the Bald (king of the West Franks)"	"Charles II, the Bald (king of the West Franks)"	843-875		
10	French Monarch	"Charles II, the Bald (Holy Roman emperor)"	"Charles II, the Bald (Holy Roman emperor)"	875-877		
11	French Monarch	Louis II (emperor)	Louis II (emperor)	855-875		
12	French Monarch	"Charles III, the Fat (king of the East Franks)"	"Charles III, the Fat (king of the East Franks)"	876-887		
13	French Monarch	"Charles III, the Fat (Holy Roman emperor, king of the West Franks)"	"Charles III, the Fat (Holy Roman emperor, king of the West Franks)"	884-887		
14	French Monarch	"Louis II, the Stammerer (king of the West Franks)"	"Louis II, the Stammerer (king of the West Franks)"	877-879		
15	French Monarch	Louis III (king of the West Franks)	Louis III (king of the West Franks)	879-882		
16	French Monarch	Carloman (king of the West Franks)	Carloman (king of the West Franks)	879-884		
17	French Monarch	Arnulf (king of the East Franks)	Arnulf (king of the East Franks)	887-899		
18	French Monarch	Eudes (king of the West Franks)	Eudes (king of the West Franks)	888-898		
19	French Monarch	"Charles III, the Simple (king of the West Franks)"	"Charles III, the Simple (king of the West Franks)"	898-922		
20	French Monarch	"Louis IV, the Child (last king of the East Franks)"	"Louis IV, the Child (last king of the East Franks)"	899-911		
21	French Monarch	Robert I	Robert I	922-923		
22	French Monarch	Rudolf	Rudolf	923-936		
23	French Monarch	Louis IV d'Outremer	Louis IV d'Outremer	936-954		
24	French Monarch	Lothar	Lothar	954-986		
25	French Monarch	Louis V	Louis V	986-987		
26	French Monarch	Hugh Capet	Hugh Capet	987-996		
27	French Monarch	"Robert II, the Pious"	"Robert II, the Pious"	996-1031		
28	French Monarch	Henry I	Henry I	1031-60		
29	French Monarch	Philip I	Philip I	1060-1108		
30	French Monarch	Louis VI	Louis VI	1108-37		
31	French Monarch	Louis VII	Louis VII	1137-80		
32	French Monarch	Philip II	Philip II	1180-1223		
33	French Monarch	Louis VIII	Louis VIII	1223-26		
34	French Monarch	Louis IX (St. Louis)	Louis IX (St. Louis)	1226-70		
35	French Monarch	Philip III	Philip III	1270-85		
36	French Monarch	Philip IV	Philip IV	1285-1314		
37	French Monarch	Louis X	Louis X	1314-16		
38	French Monarch	John I	John I	1316		
39	French Monarch	Philip V	Philip V	1316-22		
40	French Monarch	Charles IV	Charles IV	1322-28		
41	French Monarch	Philip VI	Philip VI	1328-50		
42	French Monarch	"John II, the Good"	"John II, the Good"	1350-64		
43	French Monarch	Charles V	Charles V	1364-80		
44	French Monarch	Charles VI	Charles VI	1380-1422		
45	French Monarch	Charles VII	Charles VII	1422-61		
46	French Monarch	Louis XI	Louis XI	1461-83		
47	French Monarch	Charles VIII	Charles VIII	1483-98		
48	French Monarch	Louis XII	Louis XII	1498-1515		
49	French Monarch	Francis I	Francis I	1515-47		
50	French Monarch	Henry II	Henry II	1547-59		
51	French Monarch	Francis II	Francis II	1559-60		
52	French Monarch	Charles IX	Charles IX	1560-74		
53	French Monarch	Henry III	Henry III	1574-89		
54	French Monarch	Henry IV	Henry IV	1589-1610		
55	French Monarch	Louis XIII	Louis XIII	1610-43		
56	French Monarch	Louis XIV	Louis XIV	1643-1715		
57	French Monarch	Louis XV	Louis XV	1715-74		
58	French Monarch	Louis XVI	Louis XVI	1774-92		
59	French Monarch	Louis (XVII)	Louis (XVII)	1793-95		
60	French Government	National Convention	National Convention	1792-95		
61	French Government	Directory	Directory	1795-99		
62	French Monarch	Consulate (Napoleon Bonaparte)	Consulate (Napoleon Bonaparte)	1799-1804		
63	French Emperor	Napoleon I (Napoleon Bonaparte)	Napoleon I (Napoleon Bonaparte)	1804-14	"1804–14, 1815"	
64	French Emperor	Napoleon (II)	Napoleon (II)	1815		
65	French Monarch	Louis XVIII	Louis XVIII	1815-24	"1814, 1815-24"	
66	French Monarch	Charles X	Charles X	1824-30		
67	French Monarch	Louis-Philippe	Louis-Philippe	1830-48		
68	French President	Louis-Napoléon Bonaparte	Louis-Napoléon Bonaparte	1848-52		
69	French Emperor	Napoleon III (Louis-Napoléon Bonaparte)	Napoleon III (Louis-Napoléon Bonaparte)	1852-70		
1	French President	Adolphe Thiers	Adolphe Thiers	1871-73		
2	French President	Patrice de Mac-Mahon	Patrice de Mac-Mahon	1873-79		
3	French President	Jules Grévy	Jules Grévy	1879-87		
4	French President	Sadi Carnot	Sadi Carnot	1887-94		
5	French President	Jean Casimir-Périer	Jean Casimir-Périer	1894-95		
6	French President	Félix Faure	Félix Faure	1895-99		
7	French President	Émile Loubet	Émile Loubet	1899-1906		
8	French President	Armand Fallières	Armand Fallières	1906-13		
9	French President	Raymond Poincaré	Raymond Poincaré	1913-20		
10	French President	Paul Deschanel	Paul Deschanel	1920		
11	French President	Alexandre Millerand	Alexandre Millerand	1920-24		
12	French President	Gaston Doumergue	Gaston Doumergue	1924-31		
13	French President	Paul Doumer	Paul Doumer	1931-32		
14	French President	Albert Lebrun	Albert Lebrun	1932-40		
15	French President	Philippe Pétain	Philippe Pétain	1940-44		
16	French Government	Provisional government	Provisional government	1944-46		
17	French President	Vincent Auriol	Vincent Auriol	1947-54		
18	French President	René Coty	René Coty	1954-59		
19	French President	Charles de Gaulle	Charles de Gaulle	1959-69		
20	French President	Georges Pompidou	Georges Pompidou	1969-74		
21	French President	Valéry Giscard d'Estaing	Valéry Giscard d'Estaing	1974-81		
22	French President	François Mitterrand	François Mitterrand	1981-95		
23	French President	Jacques Chirac	Jacques Chirac	1995-2007		
24	French President	Nicolas Sarkozy	Nicolas Sarkozy	2007-12		
25	French President	François Hollande	François Hollande	2012-17		
26	French President	Emmanuel Macron	Emmanuel Macron	2017-2024		
1	Byzantine Emperor	Anastasius I (491–518)	Anastasius I	491-518		
2	Byzantine Emperor	Justin I (518–527)	Justin I	518-527		
3	Byzantine Emperor	Justinian I (527–565)	Justinian I	527-565		
4	Byzantine Emperor	Justin II (565–578)	Justin II	565-578		
5	Byzantine Emperor	Maurice (582–602)	Maurice	582-602		
6	Byzantine Emperor	Phocas (602–610)	Phocas	602-610		
7	Byzantine Emperor	Heraclius (610–641)	Heraclius	610-641		
8	Byzantine Emperor	Heraclonas (641)	Heraclonas	641		
9	Byzantine Emperor	Constantine III (January to April or May 641)	Constantine III	641	January to April or May 641	
10	Byzantine Emperor	Constans II Pogonatus (641–668)	Constans II Pogonatus	641-668		
11	Byzantine Emperor	Constantine IV (668–685)	Constantine IV	668-685		
12	Byzantine Emperor	Justinian II (685–695; 705–711)	Justinian II	685-711	685–695; 705–711	
13	Byzantine Emperor	Philippicus Bardanes (711–713)	Philippicus Bardanes	711-713		
14	Byzantine Emperor	Anastasius II (713–715)	Anastasius II	713-715		
15	Byzantine Emperor	Leo III (717–741)	Leo III	717-741		
16	Byzantine Emperor	Constantine V Copronymus (741–775)	Constantine V Copronymus	741-775		
17	Byzantine Emperor	Leo IV (775–780)	Leo IV	775-780		
18	Byzantine Emperor	Constantine VI (780–797)	Constantine VI	780-797		
19	Byzantine Emperor	Nicephorus I (802–811)	Nicephorus I	802-811		
20	Byzantine Emperor	Michael I Rhangabe (811–813)	Michael I Rhangabe	811-813		
21	Byzantine Emperor	Leo V (813–820)	Leo V	813-820		
22	Byzantine Emperor	Michael II (820–829)	Michael II	820-829		
23	Byzantine Emperor	Michael III (842–867)	Michael III	842-867		
24	Byzantine Emperor	Basil I (867–886)	Basil I	867-886		
25	Byzantine Emperor	Leo VI (886–912)	Leo VI	886-912		
26	Byzantine Emperor	Alexander (912–913)	Alexander	912-913		
27	Byzantine Emperor	Constantine VII Porphyrogenitus (913–959)	Constantine VII Porphyrogenitus	913-959		
28	Byzantine Emperor	Romanus I Lecapenus (920–944)	Romanus I Lecapenus	920-944		
29	Byzantine Emperor	Romanus II (959–963)	Romanus II	959-963		
30	Byzantine Emperor	"Nicephorus II Phocas (963–969, military emperor)"	Nicephorus II Phocas	963-969	military emperor	
31	Byzantine Emperor	"John I Tzimisces (969–976, military emperor)"	John I Tzimisces	969-976	military emperor	
32	Byzantine Emperor	"Basil II (960, crowned as baby; 976–1025, sole emperor)"	Basil II	976-1025	"960, crowned as baby; 976–1025, sole emperor"	
33	Byzantine Emperor	"Constantine VIII (960, crowned as baby; 1025–28, sole emperor)"	Constantine VIII	1025-28	"960, crowned as baby; 1025–28, sole emperor"	
34	Byzantine Emperor	Michael IV (1034–41)	Michael IV	1034-41		
35	Byzantine Emperor	Michael V Calaphates (1041–42)	Michael V Calaphates	1041-42		
36	Byzantine Emperor	Constantine IX Monomachus (1042–55)	Constantine IX Monomachus	1042-55		
37	Byzantine Emperor	Michael VI Stratioticus (1056–57)	Michael VI Stratioticus	1056-57		
38	Byzantine Emperor	Isaac I Comnenus (1057–59)	Isaac I Comnenus	1057-59		
39	Byzantine Emperor	Constantine X Ducas (1059–67)	Constantine X Ducas	1059-67		
40	Byzantine Emperor	Michael VII Ducas (1071–78)	Michael VII Ducas	1071-78		
41	Byzantine Emperor	Nicephorus III Botaneiates (1078–81)	Nicephorus III Botaneiates	1078-81		
42	Byzantine Emperor	Alexius I Comnenus (1081–1118)	Alexius I Comnenus	1081-1118		
43	Byzantine Emperor	John II Comnenus (1118–43)	John II Comnenus	1118-43		
44	Byzantine Emperor	Manuel I Comnenus (1143–80)	Manuel I Comnenus	1143-80		
45	Byzantine Emperor	Alexius II Comnenus (1180–83)	Alexius II Comnenus	1180-83		
46	Byzantine Emperor	Andronicus I Comnenus (1183–85)	Andronicus I Comnenus	1183-85		
47	Byzantine Emperor	Isaac II Angelus (1185–95)	Isaac II Angelus	1185-95		
48	Byzantine Emperor	Alexius III Angelus (1195–1203)	Alexius III Angelus	1195-1203		
49	Byzantine Emperor	Alexius IV Angelus (1203–04)	Alexius IV Angelus	1203-04		
50	Byzantine Emperor	Alexius V Ducas Mourtzouphlus (1204)	Alexius V Ducas Mourtzouphlus	1204		
51	Byzantine Emperor	Baldwin I (1204–05)	Baldwin I	1204-05		
52	Byzantine Emperor	Baldwin II Porphyrogenitus (1228–61)	Baldwin II Porphyrogenitus	1228-61		
53	Byzantine Emperor	Michael VIII Palaeologus (1261–82)	Michael VIII Palaeologus	1261-82		
54	Byzantine Emperor	Andronicus II Palaeologus (1282–1328)	Andronicus II Palaeologus	1282-1328		
55	Byzantine Emperor	Andronicus III Palaeologus (1328–41)	Andronicus III Palaeologus	1328-41		
56	Byzantine Emperor	John V Palaeologus (1341–91)	John V Palaeologus	1341-91		
57	Byzantine Emperor	John VI Cantacuzenus (1347–54)	John VI Cantacuzenus	1347-54		
58	Byzantine Emperor	Andronicus IV Palaeologus (1376–79)	Andronicus IV Palaeologus	1376-79		
59	Byzantine Emperor	John VII Palaeologus (1390)	John VII Palaeologus	1390		
60	Byzantine Emperor	Manuel II Palaeologus (1391–1425)	Manuel II Palaeologus	1391-1425		
61	Byzantine Emperor	"John VIII Palaeologus (1408, crowned co-emperor; 1421–48)"	John VIII Palaeologus	1421-48	"1408, crowned co-emperor; 1421–48"	
62	Byzantine Emperor	Constantine XI Palaeologus (1449–53)	Constantine XI Palaeologus	1449-53		
2	China	Shihuangdi (221–210 BCE)	Shihuangdi	221BC-210BC	Qin dynasty (221–207 BCE	
4	China	Gaozu (206–195 BCE)	Gaozu	206BC-195BC	Han dynasty	
5	China	Wendi (180–157 BCE)	Wendi	180BC-157BC	Han dynasty	
6	China	Jingdi (157–141 BCE)	Jingdi	157BC-141BC	Han dynasty	
7	China	Wudi (141–87 BCE)	Wudi	141BC-87BC	Han dynasty	
8	China	Xuandi (74–49/48 BCE)	Xuandi	74BC-49BC	Han dynasty	
9	China	Yuandi (49/48–33 BCE)	Yuandi	49BC-33BC	Han dynasty	
10	China	Pingdi (1 BCE–5 CE)	Pingdi	1BC-5AD	Han dynasty	
11	China	Guangwudi (25–57 CE)	Guangwudi	25-57 	Han dynasty	
12	China	Mingdi (57–75 CE)	Mingdi	57-75 	Han dynasty	
13	China	Zhangdi (75–88 CE)	Zhangdi	75-88 	Han dynasty	
15	China	Wang Mang (9–23 )	Wang Mang	45BC-23AD	Xin dynasty	
17	China	Cao Pi (220–226)	Cao Pi	220-226	Wu dynasty	
18	China	Sun Quan (229–252)	Sun Quan	229-252	Wu dynasty	
19	China	Wei dynasty (386–534/535 CE)	Wei dynasty	386-535	Wu dynasty	
20	China	Xiaowendi (471–499)	Xiaowendi	471-499	Wu dynasty	
22	China	Wudi (265–290)	Wudi	265-290	Jin dynasty	
24	China	Wudi (502–549)	Wudi	502-549	Southern Liang dynasty	
26	China	Wendi (581–604 )	Wendi	581-604 	Sui dynasty	
27	China	Yangdi (604–617/618 )	Yangdi	604-618 	Sui dynasty	
29	China	Gaozu (618–626)	Gaozu	618-626	Tang dynasty	
30	China	Taizong (626–649)	Taizong	626-649	Tang dynasty	
31	China	Gaozong (649–683)	Gaozong	649-683	Tang dynasty	
32	China	Ruizong (684–690; 710–712)	Ruizong	684-712	Tang dynasty	
33	China	Xuanzong (712–756)	Xuanzong	712-756	Tang dynasty	
34	China	Dezong (779–805)	Dezong	779-805	Tang dynasty	
35	China	Wenzong (827–840)	Wenzong	827-840	Tang dynasty	
37	China	Zhu Wen (907–923)	Zhu Wen	907-923	Later Liang dynasty	
39	China	Taizu (960–976)	Taizu	960-976	Song dynasty	
40	China	Taizong (976–997)	Taizong	976-997	Song dynasty	
41	China	Zhenzong (997–1022)	Zhenzong	997-1022	Song dynasty	
42	China	Renzong (1022–63)	Renzong	1022-63	Song dynasty	
43	China	Shenzong (1067–85)	Shenzong	1067-85	Song dynasty	
44	China	Huizong (1100–1125/26)	Huizong	1100-1126	Song dynasty	
45	China	Qinzong (1125/26–1127)	Qinzong	1126-1127	Song dynasty	
46	China	Xi Xia dynasty (1038–1227 CE)	Xi Xia dynasty	1038-1227 	Song dynasty	
47	China	Li Yuanhao (1038–48)	Li Yuanhao	1038-48	Song dynasty	
49	China	Gaozong (1127–62)	Gaozong	1127-62	Southern Song dynasty	
50	China	Ningzong (1195–1224)	Ningzong	1195-1224	Southern Song dynasty	
52	China	Kublai Khan (1271–94)	Kublai Khan	1271-94	Yuan dynasty	
53	China	Temür (1295–1307)	Temür	1295-1307	Yuan dynasty	
54	China	Buyantu (1311–20)	Buyantu	1311-20	Yuan dynasty	
55	China	Togon-temür (1333–68)	Togon-temür	1333-68	Yuan dynasty	
57	China	Hongwu (1368–98)	Hongwu	1368-98	Ming dynasty	
58	China	Yongle (1402–24)	Yongle	1402-24	Ming dynasty	
59	China	Zhengtong (1435–49; 1457–64)	Zhengtong	1435-64	Ming dynasty	
60	China	Jingtai (1449–57)	Jingtai	1449-57	Ming dynasty	
61	China	Zhengde (1505–21)	Zhengde	1505-21	Ming dynasty	
62	China	Jiajing (1521–1566/67)	Jiajing	1521-1567	Ming dynasty	
63	China	Longqing (1566/67–72)	Longqing	1567-72	Ming dynasty	
64	China	Wanli (1572–1620)	Wanli	1572-1620	Ming dynasty	
65	China	Tianqi (1620–27)	Tianqi	1620-27	Ming dynasty	
66	China	Chongzhen (1627–44)	Chongzhen	1627-44	Ming dynasty	
68	China	Shunzhi (1644–61)	Shunzhi	1644-61	Qing dynasty	
69	China	Kangxi (1661–1722)	Kangxi	1661-1722	Qing dynasty	
70	China	Yongzheng (1722–35)	Yongzheng	1722-35	Qing dynasty	
71	China	Qianlong (1735–96)	Qianlong	1735-96	Qing dynasty	
72	China	Jiaqing (1796–1820)	Jiaqing	1796-1820	Qing dynasty	
73	China	Daoguang (1820–50)	Daoguang	1820-50	Qing dynasty	
74	China	Xianfeng (1850–61)	Xianfeng	1850-61	Qing dynasty	
75	China	Tongzhi (1861–1874/75)	Tongzhi	1861-1875	Qing dynasty	
76	China	Guangxu (1874/75–1908)	Guangxu	1875-1908	Qing dynasty	
77	China	Puyi (1908–1911/12)	Puyi	1908-1912	Qing dynasty	
1	Holy Roman Emperor	Charlemagne (800–814)	Charlemagne	800-814		
2	Holy Roman Emperor	Louis I (814–840)	Louis I	814-840		
3	Holy Roman Emperor	Lothar I (823–855)	Lothar I	823-855		
4	Holy Roman Emperor	Louis II (850–875)	Louis II	850-875		
5	Holy Roman Emperor	Charles II (875–877)	Charles II	875-877		
6	Holy Roman Emperor	Charles III (881–887)	Charles III	881-887		
7	Holy Roman Emperor	Guy II (891–894; legitimacy questioned)	Guy II	891-894	legitimacy questioned	
8	Holy Roman Emperor	Lambert of Spoleto (892–898)	Lambert of Spoleto	892-898		
9	Holy Roman Emperor	Arnulf (896–899)	Arnulf	896-899		
10	Holy Roman Emperor	Louis III (901–905)	Louis III	901-905		
11	Holy Roman Emperor	Berengar (915–924)	Berengar	915-924		
12	Holy Roman Emperor	Otto I (962–973)	Otto I	962-973		
13	Holy Roman Emperor	Otto II (967–983)	Otto II	967-983		
14	Holy Roman Emperor	Otto III (996–1002)	Otto III	996-1002		
15	Holy Roman Emperor	Henry II (1014–24)	Henry II	1014-24		
16	Holy Roman Emperor	Conrad II (1027–39)	Conrad II	1027-39		
17	Holy Roman Emperor	Henry III (1046–56)	Henry III	1046-56		
18	Holy Roman Emperor	Henry IV (1084–1105/06)	Henry IV	1084-1106		
19	Holy Roman Emperor	Henry V (1111–25)	Henry V	1111-25		
20	Holy Roman Emperor	Lothar III (1133–37)	Lothar III	1133-37		
21	Holy Roman Emperor	Frederick I (1152–90)	Frederick I	1152-90		
22	Holy Roman Emperor	Henry VI (1191–97)	Henry VI	1191-97		
23	Holy Roman Emperor	Otto IV (1209–15)	Otto IV	1209-15		
24	Holy Roman Emperor	Frederick II (1220–50)	Frederick II	1220-50		
25	Holy Roman Emperor	Henry VII (1312–13)	Henry VII	1312-13		
26	Holy Roman Emperor	Louis IV (1328–47)	Louis IV	1328-47		
27	Holy Roman Emperor	Charles IV (1355–78)	Charles IV	1355-78		
28	Holy Roman Emperor	Sigismund (1433–37)	Sigismund	1433-37		
29	Holy Roman Emperor	Frederick III (1452–93)	Frederick III	1452-93		
30	Holy Roman Emperor	Maximilian I (1493–1519)	Maximilian I	1493-1519		
31	Holy Roman Emperor	Charles V (1519–56)	Charles V	1519-56		
32	Holy Roman Emperor	Ferdinand I (1558–64)	Ferdinand I	1558-64		
33	Holy Roman Emperor	Maximilian II (1564–76)	Maximilian II	1564-76		
34	Holy Roman Emperor	Rudolf II (1576–1612)	Rudolf II	1576-1612		
35	Holy Roman Emperor	Matthias (1612–19)	Matthias	1612-19		
36	Holy Roman Emperor	Ferdinand II (1619–37)	Ferdinand II	1619-37		
37	Holy Roman Emperor	Ferdinand III (1637–57)	Ferdinand III	1637-57		
38	Holy Roman Emperor	Leopold I (1658–1705)	Leopold I	1658-1705		
39	Holy Roman Emperor	Joseph I (1705–11)	Joseph I	1705-11		
40	Holy Roman Emperor	Charles VI (1711–40)	Charles VI	1711-40		
41	Holy Roman Emperor	Charles VII (1742–45)	Charles VII	1742-45		
42	Holy Roman Emperor	Francis I (1745–65)	Francis I	1745-65		
43	Holy Roman Emperor	Joseph II (1765–90)	Joseph II	1765-90		
44	Holy Roman Emperor	Leopold II (1790–92)	Leopold II	1790-92		
45	Holy Roman Emperor	Francis II (1792–1806)	Francis II	1792-1806		
1	Roman Emperor	Augustus (31 BCE–14 CE)	Augustus	31BC-14AD		
2	Roman Emperor	Tiberius (14–37 CE)	Tiberius	14-37		
3	Roman Emperor	Caligula (37–41 CE)	Caligula	37-41		
4	Roman Emperor	Claudius (41–54 CE)	Claudius	41-54		
5	Roman Emperor	Nero (54–68 CE)	Nero	54-68		
6	Roman Emperor	Galba (68–69 CE)	Galba	68-69		
7	Roman Emperor	Otho (January–April 69 CE)	Otho	69	January-April 69 CE	
8	Roman Emperor	Aulus Vitellius (July–December 69 CE)	Aulus Vitellius	69	July-December 69 CE	
9	Roman Emperor	Vespasian (69–79 CE)	Vespasian	69-79		
10	Roman Emperor	Titus (79–81 CE)	Titus	79-81 		
11	Roman Emperor	Domitian (81–96 CE)	Domitian	81-96 		
12	Roman Emperor	Nerva (96–98 CE)	Nerva	96-98 		
13	Roman Emperor	Trajan (98–117 CE)	Trajan	98-117 		
14	Roman Emperor	Hadrian (117–138 CE)	Hadrian	117-138 		
15	Roman Emperor	Antoninus Pius (138–161 CE)	Antoninus Pius	138-161 		
16	Roman Emperor	Marcus Aurelius (161–180 CE)	Marcus Aurelius	161-180 		
17	Roman Emperor	Lucius Verus (161–169 CE)	Lucius Verus	161-169 		
18	Roman Emperor	Commodus (177–192 CE)	Commodus	177-192 		
19	Roman Emperor	Publius Helvius Pertinax (January–March 193 CE)	Publius Helvius Pertinax	193	January-March 193 CE	
20	Roman Emperor	Marcus Didius Severus Julianus (March–June 193 CE)	Marcus Didius Severus Julianus	193	March-June 193 CE	
21	Roman Emperor	Septimius Severus (193–211 CE)	Septimius Severus	193-211 		
22	Roman Emperor	Caracalla (198–217 CE)	Caracalla	198-217 		
23	Roman Emperor	Publius Septimius Geta (209–211 CE)	Publius Septimius Geta	209-211 		
24	Roman Emperor	Macrinus (217–218 CE)	Macrinus	217-218 		
25	Roman Emperor	Elagabalus (218–222 CE)	Elagabalus	218-222 		
26	Roman Emperor	Severus Alexander (222–235 CE)	Severus Alexander	222-235 		
27	Roman Emperor	Maximinus (235–238 CE)	Maximinus	235-238 		
28	Roman Emperor	Gordian I (March–April 238 CE)	Gordian I	238	March-April 238 CE	
29	Roman Emperor	Gordian II (March–April 238 CE)	Gordian II	238	March-April 238 CE	
30	Roman Emperor	"Pupienus Maximus (April 22–July 29, 238 CE)"	Pupienus Maximus	238	"April 22-July 29, 238 CE"	
31	Roman Emperor	"Balbinus (April 22–July 29, 238 CE)"	Balbinus	238	"April 22-July 29, 238 CE"	
32	Roman Emperor	Gordian III (238–244 CE)	Gordian III	238-244 		
33	Roman Emperor	Philip (244–249 CE)	Philip	244-249 		
34	Roman Emperor	Decius (249–251 CE)	Decius	249-251 		
35	Roman Emperor	Hostilian (251 CE)	Hostilian	251		
36	Roman Emperor	Gallus (251–253 CE)	Gallus	251-253 		
37	Roman Emperor	Aemilian (253 CE)	Aemilian	253		
38	Roman Emperor	Valerian (253–260 CE)	Valerian	253-260 		
39	Roman Emperor	Gallienus (253–268 CE)	Gallienus	253-268 		
40	Roman Emperor	Claudius II Gothicus (268–270 CE)	Claudius II Gothicus	268-270 		
41	Roman Emperor	Quintillus (270 CE)	Quintillus	270		
42	Roman Emperor	Aurelian (270–275 CE)	Aurelian	270-275 		
43	Roman Emperor	Tacitus (275–276 CE)	Tacitus	275-276 		
44	Roman Emperor	Florian (June–September 276 CE)	Florian	276	June-September 276 CE	
45	Roman Emperor	Probus (276–282 CE)	Probus	276-282 		
46	Roman Emperor	Carus (282–283 CE)	Carus	282-283 		
47	Roman Emperor	Numerian (283–284 CE)	Numerian	283-284 		
48	Roman Emperor	Carinus (283–285 CE)	Carinus	283-285 		
49	Roman Emperor (East)	"Diocletian (East, 284–305 CE; divided the empire into East and West)"	Diocletian	284-305	divided the empire into East and West	
50	Roman Emperor (West)	"Maximian (West, 286–305 CE)"	Maximian	286-305		
51	Roman Emperor (West)	"Constantius I (West, 305–306 CE)"	Constantius I	305-306		
52	Roman Emperor (East)	"Galerius (East, 305–311 CE)"	Galerius	305-311		
53	Roman Emperor (West)	"Severus (West, 306–307 CE)"	Severus	306-307		
54	Roman Emperor (West)	"Maxentius (West, 306–312 CE)"	Maxentius	306-312		
55	Roman Emperor	Constantine I (306–337 CE; reunified the empire)	Constantine I	306-337 	reunified the empire	
56	Roman Emperor	Galerius Valerius Maximinus (310–313 CE)	Galerius Valerius Maximinus	310-313 		
57	Roman Emperor	Licinius (308–324 CE)	Licinius	308-324 		
58	Roman Emperor	Constantine II (337–340 CE)	Constantine II	337-340 		
59	Roman Emperor	Constantius II (337–361 CE)	Constantius II	337-361 		
60	Roman Emperor	Constans I (337–350 CE)	Constans I	337-350 		
61	Roman Emperor	Gallus Caesar (351–354 CE)	Gallus Caesar	351-354 		
62	Roman Emperor	Julian (361–363 CE)	Julian	361-363 		
63	Roman Emperor	Jovian (363–364 CE)	Jovian	363-364 		
64	Roman Emperor (West)	"Valentinian I (West, 364–375 CE)"	Valentinian I	364-375 		
65	Roman Emperor (East)	"Valens (East, 364–378 CE)"	Valens	364-378		
66	Roman Emperor (East)	"Procopius (East, 365–366 CE)"	Procopius	365-366		
67	Roman Emperor (West)	"Gratian (West, 367–383 CE; co-emperor with Valentian I )"	Gratian	367-383	co-emperor with Valentian I	
68	Roman Emperor	Valentinian II (375–392 CE: crowned as child)	Valentinian II	375-392	crowned as child	
69	Roman Emperor (East)	"Theodosius I (East, 379–392 CE: East and West, 392–395 CE)"	Theodosius I	379-392		
69	Roman Emperor	"Theodosius I (East, 379–392 CE: East and West, 392–395 CE)"	Theodosius I	392-395		
70	Roman Emperor (East)	"Arcadius (East, 383–395 CE, co-emperor; 395– 402 CE, sole emperor)"	Arcadius	383-402	"East, 383-395 CE, co-emperor; 395- 402 CE, sole emperor"	
71	Roman Emperor (West)	"Magnus Maximus (West, 383–388 CE)"	Magnus Maximus	383-388		
72	Roman Emperor (West)	"Honorius (West, 393–395 CE, co-emperor; 395–423 CE, sole emperor)"	Honorius	393-423		
73	Roman Emperor (East)	"Theodosius II (East, 408–450 CE)"	Theodosius II	408-450		
74	Roman Emperor (West)	"Constantius III (West, 421 CE, co-emperor)"	Constantius III	421	"West, 421 CE, co-emperor"	
75	Roman Emperor (West)	"Valentinian III (West, 425–455 CE)"	Valentinian III	425-455		
76	Roman Emperor  (East)	"Marcian (East, 450–457 CE)"	Marcian	450-457		
77	Roman Emperor (West)	"Petronius Maximus (West, March 17–May 31, 455 CE)"	Petronius Maximus	455	"West, March 17-May 31, 455 CE"	
78	Roman Emperor (West)	"Avitus (West, 455–456 CE)"	Avitus	455-456		
79	Roman Emperor (West)	"Majorian (West, 457–461 CE)"	Majorian	457-461		
80	Roman Emperor (West)	"Libius Severus (West, 461–465 CE)"	Libius Severus	461-465		
81	Roman Emperor (West)	"Anthemius (West, 467–472 CE)"	Anthemius	467-472		
82	Roman Emperor (West)	"Olybrius (West, April–November 472 CE)"	Olybrius	472	"West, April-November 472 CE"	
83	Roman Emperor (West)	"Glycerius (West, 473–474 CE)"	Glycerius	473-474		
84	Roman Emperor (West)	"Julius Nepos (West, 474–475 CE)"	Julius Nepos	474-475		
85	Roman Emperor (West)	"Romulus Augustulus (West, 475–476 CE)"	Romulus Augustulus	475-476		
86	Roman Emperor  (East)	"Leo I (East, 457–474 CE)"	Leo I	457-474		
87	Roman Emperor (East)	"Leo II (East, 474 CE)"	Leo II	474		
88	Roman Emperor (East)	"Zeno (East, 474–491 CE)"	Zeno	474-491		
1	Russian Emperor	"Peter I (1682–1721, tsar; 1721–25, emperor)"	Peter I	1721-25	"1682-1721, tsar; 1721-25, emperor"	
	Russian Emperor		Catherine	1725-27		
2	Russian Emperor	Peter II (1727–30)	Peter II	1727-30		
	Russian Emperor		Anna	1730-40		
3	Russian Emperor	Ivan VI (1740–41)	Ivan VI	1740-41		
	Russian Emperor		Elizabeth	1741-61		
4	Russian Emperor	Peter III (1762)	Peter III	1762		
	Russian Emperor		Catherine II	1762-96		
5	Russian Emperor	Paul (1796–1801)	Paul	1796-1801		
6	Russian Emperor	Alexander I (1801–25)	Alexander I	1801-25		
7	Russian Emperor	Nicholas I (1825–55)	Nicholas I	1825-55		
8	Russian Emperor	Alexander II (1855–81)	Alexander II	1855-81		
9	Russian Emperor	Alexander III (1881–94)	Alexander III	1881-94		
10	Russian Emperor	Nicholas II (1894–1917)	Nicholas II	1894-1917		
	Prince of Moscow		Daniel	1276-1303	(son of Alexander Nevsky)	
	Prince of Moscow		Yury	1303-25	Danilovich dynasty	
	Prince of Moscow		Ivan I	1325-40	Danilovich dynasty	
	Prince of Moscow		Semyon (Simeon)	1340-53	Danilovich dynasty	
	Prince of Moscow		Ivan II	1353-59	Danilovich dynasty	
	Prince of Moscow		Dmitry (II) Donskoy	1359-89	Danilovich dynasty	
	Prince of Moscow		Vasily I	1389-1425	Danilovich dynasty	
	Prince of Moscow		Vasily II	1425-62	Danilovich dynasty	
	Prince of Moscow		Ivan III	1462-1505	Danilovich dynasty	
	Prince of Moscow		Vasily III	1505-33	Danilovich dynasty	
	Prince of Moscow		Ivan IV	1533-47	Danilovich dynasty	
	Tsar of Russia		Ivan IV	1547-84	Danilovich dynasty	
	Tsar of Russia		Fyodor I	1584-98	Danilovich dynasty	
	Tsar of Russia		Boris Godunov	1598-1605		
	Tsar of Russia		Fyodor II	1605		
	Tsar of Russia		False Dmitry	1605-06		
	Tsar of Russia		Vasily (IV) Shuysky	1606-10		
	Tsar of Russia		Interregnum	1610-12		
	Tsar of Russia		Michael	1613-45		
	Tsar of Russia		Alexis	1645-76		
	Tsar of Russia		Fyodor III	1676-82		
	Tsar of Russia		Peter I (Ivan V coruler)	1682-96		
	Tsar of Russia		Peter I	1696-1721		
	Chariman of the Communist Party of the Soviet Union		Vladimir Ilich Lenin	1917-24		
	Chariman of the Communist Party of the Soviet Union		Joseph Stalin	1924-53		
	Chariman of the Communist Party of the Soviet Union		Georgy Malenkov	1953		
	Chariman of the Communist Party of the Soviet Union		Nikita Khrushchev	1953-64		
	Chariman of the Communist Party of the Soviet Union		Leonid Brezhnev	1964-82		
	Chariman of the Communist Party of the Soviet Union		Yury Andropov	1982-84		
	Chariman of the Communist Party of the Soviet Union		Konstantin Chernenko	1984-85		
	Chariman of the Communist Party of the Soviet Union		Mikhail Gorbachev	1985-91		
	President of Russia		Boris Yeltsin	1991-99		
	President of Russia		Vladimir Putin	1999-2008		
	President of Russia		Dmitry Medvedev	2008-12		
	President of Russia		Vladimir Putin	2012-24		